Type*,Customer Reference*,Date*,Reference*,Ledger Account*,Details,Net*,VAT Rate*,VAT*,Total*
Cr Note,Wilkos,16/06/2025,1729687927_5000085491,4000,Caecus Blackout Roller Blinds Navy 240cm x 120cm,19.16,Standard,3.84,23
Cr Note,Wilkos,08/06/2025,1729892011_0202058415,4000,Caecus Day Night Blackout Long Drop Roller Blind Charcoal Grey 210 x 180cm,20.08,Standard,4.02,24.1
Cr Note,Wilkos,26/05/2025,1729302139_0202017335,4000,Caecus Day Night Blackout Roller Blind White 240cm,21.46,Standard,4.3,25.76
Cr Note,Wilkos,11/06/2025,1730001886_0202065683,4000,Caecus Blackout Roller Blinds Light Grey 240cm x 120cm,19.16,Standard,3.84,23
Cr Note,Wilkos,16/06/2025,1730251544_5000096871,4000,Caecus Straight Edge Roller Blind White 240cm,40.82,Standard,8.17,48.99
Cr Note,Wilkos,13/06/2025,1730112001_0202071593,4000,Caecus Day Night Blackout Long Drop Roller Blind Natural 210 x 130cm,14.81,Standard,2.97,17.78
Cr Note,Wilkos,20/04/2025,1727591549_0201889741,4000,Caecus Day Night Blackout Roller Blind White 240cm,21.46,Standard,4.3,25.76
Cr Note,Wilkos,09/04/2025,1727250374_5000030769,4000,Caecus Blackout Roller Blinds White 240cm x 120cm,19.16,Standard,3.84,23
Cr Note,Wilkos,26/05/2025,1729260547_5000075791,4000,Caecus Day Night Blackout Roller Blind White 180cm,16.61,Standard,3.33,19.94
Cr Note,Wilkos,16/05/2025,1728709145_0201983781,4000,Caecus Blackout Roller Blinds Black 240cm x 120cm,19.16,Standard,3.84,23
Cr Note,Wilkos,25/05/2025,1729239592_0202013665,4000,Caecus Dimout Patterned Long Drop Vertical Blind Complete Cream 240 x 240cm,31.11,Standard,6.23,37.34
Cr Note,Wilkos,20/05/2025,1728838724_5000070293,4000,Caecus Blackout Roller Blinds Light Grey 90cm x 120cm,67.5,Standard,13.5,81
Cr Note,Wilkos,20/05/2025,1728838724_5000070293,4000,Caecus Blackout Roller Blinds Light Grey 180cm x 120cm,37.5,Standard,7.5,45
Cr Note,Wilkos,26/04/2025,1727801316_5000045097,4000,Caecus Faux Wood Tape Venetian Blind White 150 x 160cm,35.86,Standard,7.18,43.04
Cr Note,Wilkos,29/04/2025,1727939651_0201921471,4000,Caecus Faux Wood Tape Venetian Blind White 75 x 160cm,19.5,Standard,3.91,23.41
Cr Note,Wilkos,15/05/2025,1728602749_0201977865,4000,Caecus Blackout Roller Blinds White 240cm x 120cm,19.16,Standard,3.84,23
Cr Note,Wilkos,07/04/2025,1727161964_5000028409,4000,Caecus Faux Wood Tape Venetian Blind White 180 x 200cm,51.39,Standard,10.28,61.67
Cr Note,Wilkos,16/04/2025,1727470153_5000036857,4000,Caecus Blackout Roller Blinds Cappuccino 240cm x 120cm,38.33,Standard,7.67,46
Cr Note,Wilkos,19/06/2025,1730363508_5000099230,4000,Caecus Day Night Blackout Long Drop Roller Blind Charcoal Grey 210 x 160cm,16.76,Standard,3.36,20.12
Cr Note,Wilkos,25/05/2025,1729240134_0202012903,4000,Caecus PVC Venetian Blind Grey 210 x 150cm,18.78,Standard,3.76,22.54
Cr Note,Wilkos,27/06/2025,1730813062_0202114016,4000,Caecus Blackout Long Drop Plain Vertical Blind Complete White 180 x 240cm,97.65,Standard,19.53,117.18
Cr Note,Wilkos,04/06/2025,1729703028_0202044707,4000,Caecus Day Night Blackout Long Drop Roller Blind Natural 210 x 180cm,20.08,Standard,4.02,24.1
Cr Note,Wilkos,20/06/2025,1730455562_0202094926,4000,Caecus Blackout Roller Blinds Charcoal Grey 240cm x 120cm,22.11,Standard,4.43,26.54
Cr Note,Wilkos,16/04/2025,1727470153_5000036857,4000,Caecus Blackout Roller Blinds Natural 150cm x 120cm,10.83,Standard,2.17,13
Cr Note,Wilkos,16/04/2025,1727470153_5000036857,4000,Caecus Blackout Roller Blinds Natural 180cm x 120cm,12.5,Standard,2.5,15
Cr Note,Wilkos,05/07/2025,1731263739_5000115838,4000,Caecus Blackout Roller Blinds Natural 240cm x 120cm,22.11,Standard,4.43,26.54
Cr Note,Wilkos,23/06/2025,1730632031_0202105044,4000,Caecus Day Night Blackout Roller Blind White 240cm,19.31,Standard,3.87,23.18
Cr Note,Wilkos,29/06/2025,1730837724_0202119934,4000,Caecus Day Night Roller Blind Charcoal Grey 130cm,74.95,Standard,14.99,89.94
Cr Note,Wilkos,30/06/2025,1730987558_5000109700,4000,Caecus Day Night Roller Blind Natural 160cm,14.04,Standard,2.81,16.85
Cr Note,Wilkos,26/06/2025,1730762197_5000105770,4000,Caecus FX 120cm Wooden Cream Eyelet Curtain Pole,8.06,Standard,1.62,9.68